bagai tolak ruu tni untuk paham	train
ruu tni cara tutup masyarakat dalam bagai hadap karena masyarakat milik tolak ruu tni cara tegas tolak revisi tni catat catat kait ini	train
masyarakat sipil tegas tolak kesah rancang undang undang tentara nasional indonesia ruu tni cara tutup sahur untuk sahur bagai bentuk	train
masyarakat hadap rezim bagai dukung nkri pada nyata beri dukung ruu tni tunjuk ruu harus jadi penting rakyat justru jadi kuasa kuasa rezim mahasiswa masyarakat tunjuk hadap ini dan satu bahwa negara benar benar penting rakyat kuasa	train
revisi rancang undang undang ruu tni tni milik satu tahan negara libat sipil	train
jelas kait ruu tni rekan rekan lebih paham penting	train
kesah ruu tni	train
revisi rancang undang undang tentara nasional indonesia ruu tni tegas tni akan libat akan fokus pada tugas nasional	train
rancang undang undang ruu tni nyata tni fokus tugas tahan negara tidak milik	val
versi teks bahasa indonesia formal tni mahasiswa ndak pake otak biasa game online paham tak asing aseng butuh sda justru ruu tni akan nkri tak asing jangan mau diprovok jelas teks bahasa slang ndak biasa game online formal versi formal guna atau slang kalimat ndak pake otak ubah jadi guna beri lebih formal asing aseng butuh sda ubah jadi asing aseng butuh sda beri lebih jelas kalimat mau diprovok ubah jadi jangan mau diprovok untuk beri bentuk lebih formal tahan ruu tni	test
